Error,Ntot,Threads,Duration
5.2134996858742457E-5,120000000,1,2864
1.0000226507682335,120000000,1,2846
